{"loss": 10.588224411010742, "_runtime": 473, "_timestamp": 1630056402, "_step": 335, "f1": 0.9101049297959134, "metric": "In step 66:\n [MIRCO] precision: 0.8896, recall: 0.8561, f1: 0.8721\n\nIn step 132:\n [MIRCO] precision: 0.9238, recall: 0.8833, f1: 0.9022\n\nIn step 198:\n [MIRCO] precision: 0.9325, recall: 0.8873, f1: 0.9087\n\nIn step 264:\n [MIRCO] precision: 0.9352, recall: 0.8907, f1: 0.9120\n\nIn step 330:\n [MIRCO] precision: 0.9350, recall: 0.8908, f1: 0.9120\n\nIn step 100000:\n [MIRCO] precision: 0.9329, recall: 0.8894, f1: 0.9101\n\n", "_wandb": {"runtime": 472}}